[{"model": "user.user", "pk": 1, "fields": {"password": "pbkdf2_sha256$100000$2FglVlRtE5kB$B148bYKBI6QpNdnI0f15dNSsktyHCm6trhXW2uO93cE=", "last_login": null, "username": "000001", "email": "000001@zju.edu.cn", "registeredTime": "2018-06-17T13:27:11.457Z", "nickname": "lsh", "signature": "\u7b7e\u540d\u6863", "avatar": "user/A_result_4kLioFk.png", "is_admin": true, "is_staff": true, "is_superuser": true}}, {"model": "user.user", "pk": 2, "fields": {"password": "pbkdf2_sha256$100000$H5HExblVQ9Na$mbXg5mey7WDGGEcHzY2Qqg8eD7aIKlGpX7r23LzdLEM=", "last_login": null, "username": "000002", "email": "000002@zju.edu.cn", "registeredTime": "2018-06-17T13:27:37.007Z", "nickname": "\u7528\u6237", "signature": "\u8fd9\u4e2a\u4eba\u5f88\u61d2\uff0c\u4ec0\u4e48\u90fd\u6ca1\u6709\u5199~", "avatar": "assets/user/aa.jpg", "is_admin": false, "is_staff": false, "is_superuser": false}}, {"model": "user.user", "pk": 3, "fields": {"password": "pbkdf2_sha256$100000$H5HExblVQ9Na$mbXg5mey7WDGGEcHzY2Qqg8eD7aIKlGpX7r23LzdLEM=", "last_login": null, "username": "000003", "email": "000003@zju.edu.cn", "registeredTime": "2018-06-17T13:27:37.007Z", "nickname": "\u7528\u6237", "signature": "\u8fd9\u4e2a\u4eba\u5f88\u61d2\uff0c\u4ec0\u4e48\u90fd\u6ca1\u6709\u5199~", "avatar": "assets/user/aa.jpg", "is_admin": false, "is_staff": false, "is_superuser": false}}, {"model": "user.user", "pk": 8, "fields": {"password": "pbkdf2_sha256$100000$IE9d0Bg28yWh$ppkX9kOCR49kN51c5yKnuXmjFOHsc9km289h5IQFiRI=", "last_login": null, "username": "000004", "email": "4@zju.edu.cn", "registeredTime": "2018-06-18T13:05:07.997Z", "nickname": "\u7528\u6237", "signature": "\u8fd9\u4e2a\u4eba\u5f88\u61d2\uff0c\u4ec0\u4e48\u90fd\u6ca1\u6709\u5199~", "avatar": "user/aa.jpg", "is_admin": false, "is_staff": false, "is_superuser": false}}, {"model": "recitation.subscription", "pk": 1, "fields": {"wordbook": 1, "targetNumber": 8}}, {"model": "recitation.subscription", "pk": 2, "fields": {"wordbook": 1, "targetNumber": 8}}, {"model": "recitation.recitation", "pk": 1, "fields": {"user": 1, "word": 1, "duration": "16 00:00:00", "lastRecitedTime": "2018-06-19", "recitedTimeCount": 12, "successTimeCount": 9}}, {"model": "recitation.recitation", "pk": 2, "fields": {"user": 2, "word": 2, "duration": "1 00:00:00", "lastRecitedTime": "2018-06-17", "recitedTimeCount": 1, "successTimeCount": 0}}, {"model": "recitation.recitation", "pk": 3, "fields": {"user": 1, "word": 4, "duration": "256 00:00:00", "lastRecitedTime": "2018-06-19", "recitedTimeCount": 9, "successTimeCount": 8}}, {"model": "recitation.recitation", "pk": 4, "fields": {"user": 1, "word": 5, "duration": "4 00:00:00", "lastRecitedTime": "2018-06-19", "recitedTimeCount": 4, "successTimeCount": 2}}, {"model": "recitation.recitation", "pk": 5, "fields": {"user": 1, "word": 6, "duration": "128 00:00:00", "lastRecitedTime": "2018-06-19", "recitedTimeCount": 8, "successTimeCount": 7}}, {"model": "recitation.recitation", "pk": 6, "fields": {"user": 1, "word": 7, "duration": "4 00:00:00", "lastRecitedTime": "2018-06-19", "recitedTimeCount": 4, "successTimeCount": 2}}, {"model": "recitation.recitation", "pk": 7, "fields": {"user": 1, "word": 8, "duration": "4 00:00:00", "lastRecitedTime": "2018-06-19", "recitedTimeCount": 3, "successTimeCount": 2}}, {"model": "recitation.recitation", "pk": 8, "fields": {"user": 1, "word": 9, "duration": "1 00:00:00", "lastRecitedTime": "2018-06-19", "recitedTimeCount": 1, "successTimeCount": 0}}, {"model": "recitation.recitation", "pk": 9, "fields": {"user": 1, "word": 10, "duration": "8 00:00:00", "lastRecitedTime": "2018-06-19", "recitedTimeCount": 5, "successTimeCount": 3}}, {"model": "recitation.recitation", "pk": 10, "fields": {"user": 1, "word": 2, "duration": "4096 00:00:00", "lastRecitedTime": "2018-06-19", "recitedTimeCount": 13, "successTimeCount": 13}}, {"model": "recitation.plan", "pk": 16, "fields": {"user": 1, "date": "2018-06-19", "word": 2, "isChecked": false}}, {"model": "recitation.plan", "pk": 17, "fields": {"user": 1, "date": "2018-06-19", "word": 4, "isChecked": true}}, {"model": "recitation.plan", "pk": 18, "fields": {"user": 1, "date": "2018-06-19", "word": 5, "isChecked": true}}, {"model": "recitation.plan", "pk": 19, "fields": {"user": 1, "date": "2018-06-19", "word": 6, "isChecked": true}}, {"model": "recitation.plan", "pk": 20, "fields": {"user": 1, "date": "2018-06-19", "word": 7, "isChecked": true}}, {"model": "recitation.plan", "pk": 21, "fields": {"user": 1, "date": "2018-06-19", "word": 8, "isChecked": true}}, {"model": "recitation.plan", "pk": 22, "fields": {"user": 1, "date": "2018-06-19", "word": 9, "isChecked": true}}, {"model": "recitation.plan", "pk": 23, "fields": {"user": 1, "date": "2018-06-19", "word": 10, "isChecked": true}}, {"model": "word.wordbook", "pk": 1, "fields": {"name": "\u56db\u7ea7", "introduction": "\u56db\u7ea7\u4ecb\u7ecd", "cover": "assets/user/aa.jpg", "creator": 1}}, {"model": "word.wordbook", "pk": 2, "fields": {"name": "\u81ea\u5b9a\u4e49", "introduction": "\u81ea\u5b9a\u4e49", "cover": "assets/user/aa.jpg", "creator": 2}}, {"model": "word.wordbook", "pk": 3, "fields": {"name": "\u516d\u7ea7", "introduction": "\u516d\u7ea7\u4ecb\u7ecd", "cover": "assets/user/aa.jpg", "creator": 1}}, {"model": "word.word", "pk": 1, "fields": {"wordbook": 1, "content": "hey"}}, {"model": "word.word", "pk": 2, "fields": {"wordbook": 2, "content": "hello"}}, {"model": "word.word", "pk": 3, "fields": {"wordbook": 3, "content": "world3"}}, {"model": "word.word", "pk": 4, "fields": {"wordbook": 1, "content": "world4"}}, {"model": "word.word", "pk": 5, "fields": {"wordbook": 1, "content": "world5"}}, {"model": "word.word", "pk": 6, "fields": {"wordbook": 1, "content": "world6"}}, {"model": "word.word", "pk": 7, "fields": {"wordbook": 1, "content": "world7"}}, {"model": "word.word", "pk": 8, "fields": {"wordbook": 1, "content": "world8"}}, {"model": "word.word", "pk": 9, "fields": {"wordbook": 1, "content": "world9"}}, {"model": "word.word", "pk": 10, "fields": {"wordbook": 1, "content": "world10"}}, {"model": "word.word", "pk": 12, "fields": {"wordbook": 1, "content": "world11"}}, {"model": "word.word", "pk": 13, "fields": {"wordbook": 1, "content": "world12"}}, {"model": "word.word", "pk": 14, "fields": {"wordbook": 1, "content": "world13"}}, {"model": "word.word", "pk": 15, "fields": {"wordbook": 1, "content": "world14"}}, {"model": "word.word", "pk": 16, "fields": {"wordbook": 1, "content": "world15"}}, {"model": "word.word", "pk": 17, "fields": {"wordbook": 1, "content": "world16"}}, {"model": "word.word", "pk": 18, "fields": {"wordbook": 1, "content": "world17"}}, {"model": "word.word", "pk": 19, "fields": {"wordbook": 1, "content": "world18"}}, {"model": "word.word", "pk": 20, "fields": {"wordbook": 1, "content": "world19"}}, {"model": "word.word", "pk": 21, "fields": {"wordbook": 1, "content": "world20"}}, {"model": "word.word", "pk": 22, "fields": {"wordbook": 1, "content": "world22"}}, {"model": "word.word", "pk": 23, "fields": {"wordbook": 1, "content": "world23"}}, {"model": "word.word", "pk": 24, "fields": {"wordbook": 1, "content": "world24"}}, {"model": "word.word", "pk": 25, "fields": {"wordbook": 1, "content": "world25"}}, {"model": "word.word", "pk": 26, "fields": {"wordbook": 1, "content": "world26"}}, {"model": "word.word", "pk": 27, "fields": {"wordbook": 1, "content": "world27"}}, {"model": "word.pronunciation", "pk": 1, "fields": {"word": 1, "phoneme": "\u014b\u00e6", "audio": "assets/user/aa.jpg"}}, {"model": "word.pronunciation", "pk": 2, "fields": {"word": 1, "phoneme": "adj", "audio": "no"}}, {"model": "word.pronunciation", "pk": 3, "fields": {"word": 2, "phoneme": "phoneme", "audio": "xxx"}}, {"model": "word.pronunciation", "pk": 4, "fields": {"word": 1, "phoneme": "\u014b\u00e6", "audio": "assets/user/aa.jpg"}}, {"model": "word.pronunciation", "pk": 5, "fields": {"word": 2, "phoneme": "\u014b\u00e6", "audio": "assets/user/aa.jpg"}}, {"model": "word.pronunciation", "pk": 6, "fields": {"word": 2, "phoneme": "\u014b\u00e6", "audio": "assets/user/aa.jpg"}}, {"model": "word.pronunciation", "pk": 7, "fields": {"word": 3, "phoneme": "\u014b\u00e6", "audio": "assets/user/aa.jpg"}}, {"model": "word.pronunciation", "pk": 8, "fields": {"word": 4, "phoneme": "\u014b\u00e6", "audio": "assets/user/aa.jpg"}}, {"model": "word.pronunciation", "pk": 9, "fields": {"word": 5, "phoneme": "\u014b\u00e6", "audio": "assets/user/aa.jpg"}}, {"model": "word.definition", "pk": 1, "fields": {"word": 1, "type": "adj", "meaning": "no"}}, {"model": "word.definition", "pk": 2, "fields": {"word": 1, "type": "ajv", "meaning": "no"}}, {"model": "word.definition", "pk": 3, "fields": {"word": 2, "type": "adj", "meaning": "meaning"}}, {"model": "word.definition", "pk": 4, "fields": {"word": 2, "type": "ajv", "meaning": "ajv meaning"}}, {"model": "word.definition", "pk": 5, "fields": {"word": 5, "type": "ajv", "meaning": "ajv meaning"}}, {"model": "word.definition", "pk": 6, "fields": {"word": 6, "type": "ajv", "meaning": "ajv meaning"}}, {"model": "word.definition", "pk": 7, "fields": {"word": 3, "type": "ajv", "meaning": "ajv meaning"}}, {"model": "word.definition", "pk": 8, "fields": {"word": 4, "type": "ajv", "meaning": "ajv meaning"}}, {"model": "word.definition", "pk": 9, "fields": {"word": 7, "type": "ajv", "meaning": "ajv meaning"}}, {"model": "word.definition", "pk": 10, "fields": {"word": 8, "type": "ajv", "meaning": "ajv meaning"}}, {"model": "word.definition", "pk": 11, "fields": {"word": 8, "type": "ajv", "meaning": "ajv meaning"}}]