[
    {
        "model": "user.user",
        "pk": 1,
        "fields": {
            "password": "pbkdf2_sha256$100000$2FglVlRtE5kB$B148bYKBI6QpNdnI0f15dNSsktyHCm6trhXW2uO93cE=",
            "last_login": null,
            "username": "0000001",
            "email": "000001@zju.edu.cn",
            "registeredTime": "2018-06-17T13:27:11.457Z",
            "nickname": "\u7cfb\u7edf",
            "signature": "\u7b7e\u540d\u6863",
            "avatar": "user/A_result_4kLioFk.png",
            "is_admin": true,
            "is_staff": true,
            "is_superuser": true
        }
    },
    {
        "model": "user.user",
        "pk": 2,
        "fields": {
            "password": "pbkdf2_sha256$100000$H5HExblVQ9Na$mbXg5mey7WDGGEcHzY2Qqg8eD7aIKlGpX7r23LzdLEM=",
            "last_login": null,
            "username": "0000002",
            "email": "000002@zju.edu.cn",
            "registeredTime": "2018-06-17T13:27:37.007Z",
            "nickname": "\u7528\u6237",
            "signature": "\u8fd9\u4e2a\u4eba\u5f88\u61d2\uff0c\u4ec0\u4e48\u90fd\u6ca1\u6709\u5199~",
            "avatar": "user/aa.jpg",
            "is_admin": false,
            "is_staff": false,
            "is_superuser": false
        }
    },
    {
        "model": "user.user",
        "pk": 3,
        "fields": {
            "password": "pbkdf2_sha256$100000$H5HExblVQ9Na$mbXg5mey7WDGGEcHzY2Qqg8eD7aIKlGpX7r23LzdLEM=",
            "last_login": null,
            "username": "0000003",
            "email": "000003@zju.edu.cn",
            "registeredTime": "2018-06-17T13:27:37.007Z",
            "nickname": "\u7528\u6237",
            "signature": "\u8fd9\u4e2a\u4eba\u5f88\u61d2\uff0c\u4ec0\u4e48\u90fd\u6ca1\u6709\u5199~",
            "avatar": "user/aa.jpg",
            "is_admin": false,
            "is_staff": false,
            "is_superuser": false
        }
    },
    {
        "model": "user.user",
        "pk": 14,
        "fields": {
            "password": "pbkdf2_sha256$100000$xn6APMYCyDLU$aREIVDs+BA9TNeD4wsVVwYsvC9GC+1rive7eBPrD56k=",
            "last_login": null,
            "username": "0000004",
            "email": "0000004@zju.edu.cn",
            "registeredTime": "2018-06-21T08:56:14.257Z",
            "nickname": "\u7528\u6237",
            "signature": "\u8fd9\u4e2a\u4eba\u5f88\u61d2\uff0c\u4ec0\u4e48\u90fd\u6ca1\u6709\u5199~",
            "avatar": "user/aa.jpg",
            "is_admin": false,
            "is_staff": false,
            "is_superuser": false
        }
    },
    {
        "model": "recitation.subscription",
        "pk": 1,
        "fields": {
            "wordbook": 1,
            "targetNumber": 8
        }
    },
    {
        "model": "recitation.subscription",
        "pk": 2,
        "fields": {
            "wordbook": 1,
            "targetNumber": 8
        }
    },
    {
        "model": "recitation.recitation",
        "pk": 1,
        "fields": {
            "user": 1,
            "word": 1,
            "duration": "16 00:00:00",
            "lastRecitedTime": "2018-06-19",
            "recitedTimeCount": 12,
            "successTimeCount": 9
        }
    },
    {
        "model": "recitation.recitation",
        "pk": 2,
        "fields": {
            "user": 2,
            "word": 2,
            "duration": "1 00:00:00",
            "lastRecitedTime": "2018-06-17",
            "recitedTimeCount": 1,
            "successTimeCount": 0
        }
    },
    {
        "model": "recitation.recitation",
        "pk": 3,
        "fields": {
            "user": 1,
            "word": 4,
            "duration": "256 00:00:00",
            "lastRecitedTime": "2018-06-19",
            "recitedTimeCount": 9,
            "successTimeCount": 8
        }
    },
    {
        "model": "recitation.recitation",
        "pk": 4,
        "fields": {
            "user": 1,
            "word": 5,
            "duration": "4 00:00:00",
            "lastRecitedTime": "2018-06-19",
            "recitedTimeCount": 4,
            "successTimeCount": 2
        }
    },
    {
        "model": "recitation.recitation",
        "pk": 5,
        "fields": {
            "user": 1,
            "word": 6,
            "duration": "128 00:00:00",
            "lastRecitedTime": "2018-06-19",
            "recitedTimeCount": 8,
            "successTimeCount": 7
        }
    },
    {
        "model": "recitation.recitation",
        "pk": 6,
        "fields": {
            "user": 1,
            "word": 7,
            "duration": "4 00:00:00",
            "lastRecitedTime": "2018-06-19",
            "recitedTimeCount": 4,
            "successTimeCount": 2
        }
    },
    {
        "model": "recitation.recitation",
        "pk": 7,
        "fields": {
            "user": 1,
            "word": 8,
            "duration": "4 00:00:00",
            "lastRecitedTime": "2018-06-19",
            "recitedTimeCount": 3,
            "successTimeCount": 2
        }
    },
    {
        "model": "recitation.recitation",
        "pk": 8,
        "fields": {
            "user": 1,
            "word": 9,
            "duration": "1 00:00:00",
            "lastRecitedTime": "2018-06-19",
            "recitedTimeCount": 1,
            "successTimeCount": 0
        }
    },
    {
        "model": "recitation.recitation",
        "pk": 9,
        "fields": {
            "user": 1,
            "word": 10,
            "duration": "8 00:00:00",
            "lastRecitedTime": "2018-06-19",
            "recitedTimeCount": 5,
            "successTimeCount": 3
        }
    },
    {
        "model": "recitation.recitation",
        "pk": 10,
        "fields": {
            "user": 1,
            "word": 2,
            "duration": "4096 00:00:00",
            "lastRecitedTime": "2018-06-19",
            "recitedTimeCount": 13,
            "successTimeCount": 13
        }
    },
    {
        "model": "recitation.plan",
        "pk": 16,
        "fields": {
            "user": 1,
            "date": "2018-06-19",
            "word": 2,
            "isChecked": false
        }
    },
    {
        "model": "recitation.plan",
        "pk": 17,
        "fields": {
            "user": 1,
            "date": "2018-06-19",
            "word": 4,
            "isChecked": true
        }
    },
    {
        "model": "recitation.plan",
        "pk": 18,
        "fields": {
            "user": 1,
            "date": "2018-06-19",
            "word": 5,
            "isChecked": true
        }
    },
    {
        "model": "recitation.plan",
        "pk": 19,
        "fields": {
            "user": 1,
            "date": "2018-06-19",
            "word": 6,
            "isChecked": true
        }
    },
    {
        "model": "recitation.plan",
        "pk": 20,
        "fields": {
            "user": 1,
            "date": "2018-06-19",
            "word": 7,
            "isChecked": true
        }
    },
    {
        "model": "recitation.plan",
        "pk": 21,
        "fields": {
            "user": 1,
            "date": "2018-06-19",
            "word": 8,
            "isChecked": true
        }
    },
    {
        "model": "recitation.plan",
        "pk": 22,
        "fields": {
            "user": 1,
            "date": "2018-06-19",
            "word": 9,
            "isChecked": true
        }
    },
    {
        "model": "recitation.plan",
        "pk": 23,
        "fields": {
            "user": 1,
            "date": "2018-06-19",
            "word": 10,
            "isChecked": true
        }
    },
    {
        "model": "word.wordbook",
        "pk": 1,
        "fields": {
            "type": "gk",
            "name": "\u9ad8\u8003",
            "introduction": "\u56db\u7ea7\u4ecb\u7ecd",
            "cover": "user/aa.jpg",
            "creator": 1
        }
    },
    {
        "model": "word.wordbook",
        "pk": 2,
        "fields": {
            "type": "zk",
            "name": "\u4e2d\u8003",
            "introduction": "\u81ea\u5b9a\u4e49",
            "cover": "user/aa.jpg",
            "creator": 2
        }
    },
    {
        "model": "word.wordbook",
        "pk": 3,
        "fields": {
            "type": "cet4",
            "name": "\u56db\u7ea7",
            "introduction": "\u56db\u7ea7\u4ecb\u7ecd",
            "cover": "user/aa.jpg",
            "creator": 1
        }
    },
    {
        "model": "word.wordbook",
        "pk": 4,
        "fields": {
            "type": "cet6",
            "name": "\u516d\u7ea7",
            "introduction": "\u516d\u7ea7\u4ecb\u7ecd",
            "cover": "user/aa.jpg",
            "creator": 1
        }
    },
    {
        "model": "word.wordbook",
        "pk": 5,
        "fields": {
            "type": "gre",
            "name": "GRE",
            "introduction": "intro",
            "cover": "user/aa.jpg",
            "creator": 1
        }
    },
    {
        "model": "word.wordbook",
        "pk": 6,
        "fields": {
            "type": "toefl",
            "name": "\u6258\u798f",
            "introduction": "intro",
            "cover": "user/aa.jpg",
            "creator": 1
        }
    },
    {
        "model": "word.wordbook",
        "pk": 7,
        "fields": {
            "type": "ielts",
            "name": "\u96c5\u601d",
            "introduction": "intro",
            "cover": "user/aa.jpg",
            "creator": 1
        }
    },
    {
        "model": "word.wordbook",
        "pk": 8,
        "fields": {
            "type": "ky",
            "name": "\u8003\u7814",
            "introduction": "intro",
            "cover": "user/aa.jpg",
            "creator": 1
        }
    },
    {
        "model": "word.word",
        "pk": 1,
        "fields": {
            "content": "vacuum",
            "phonetic": "''v\u00e6kju\u04d9m",
            "definitation": "n. the absence of matter\nn. a region that is devoid of matter\nn. an electrical home appliance that cleans by suction\nv. clean with a vacuum cleaner",
            "translation": "n. \u771f\u7a7a, \u7a7a\u95f4, \u771f\u7a7a\u5438\u5c18\u5668\na. \u771f\u7a7a\u7684, \u4ea7\u751f\u771f\u7a7a\u7684, \u5229\u7528\u771f\u7a7a\u7684\nvt. \u7528\u5438\u5c18\u5668\u6253\u626b",
            "tag": "cet4 cet6 ky toefl ielts",
            "wordbook": [
                3,
                4,
                6,
                7,
                8
            ]
        }
    },
    {
        "model": "word.word",
        "pk": 2,
        "fields": {
            "content": "gilding",
            "phonetic": "'^ildi\u014b",
            "definitation": "n a coating of gold or of something that looks like gold\nv decorate with, or as if with, gold leaf or liquid gold",
            "translation": "n. \u9540\u91d1, \u9540\u91d1\u6750\u6599, \u6d82\u91d1, \u865a\u9970\u7684\u5916\u89c2, \u5047\u8c61\n[\u8ba1] \u9540\u91d1, \u88c5\u91d1",
            "tag": "toefl",
            "wordbook": [
                6
            ]
        }
    },
    {
        "model": "word.word",
        "pk": 3,
        "fields": {
            "content": "glandular",
            "phonetic": "'^l\u00e6ndjul\u04d9",
            "definitation": "a. relating to or affecting or functioning as a gland",
            "translation": "a. \u817a\u7684, \u542b\u817a\u7684, \u5929\u751f\u7684, \u56fa\u6709\u7684, \u8089\u4f53\u7684\n[\u533b] \u817a\u7684",
            "tag": "toefl",
            "wordbook": [
                6
            ]
        }
    },
    {
        "model": "word.word",
        "pk": 4,
        "fields": {
            "content": "grounded",
            "phonetic": "'^raundid",
            "definitation": "v fix firmly and stably\nv confine or restrict to the ground\nv place or put on the ground\nv instruct someone in the fundamentals of a subject\nv bring to the ground\nv hit or reach the ground\nv throw to the ground in order to stop play and avoid being tackled behind the line of scrimmage\nv hit a groundball\nv hit onto the ground\nv cover with a primer; apply a primer to\nv connect to a ground\nv use as a basis for; found on",
            "translation": "a. [\u7269]\u63a5\u5730\u7684\uff1b\u6709\u57fa\u7840\u7684",
            "tag": "gre",
            "wordbook": [
                5
            ]
        }
    },
    {
        "model": "word.word",
        "pk": 5,
        "fields": {
            "content": "grueling",
            "phonetic": "'^ru\u04d9li\u014b",
            "definitation": "s characterized by effort to the point of exhaustion; especially physical effort",
            "translation": "a. \u6298\u78e8\u4eba\u7684, \u4f7f\u4eba\u7cbe\u75b2\u529b\u5c3d\u7684\nn. \u75db\u6253, \u60e9\u7f5a",
            "tag": "gre",
            "wordbook": [
                5
            ]
        }
    },
    {
        "model": "word.word",
        "pk": 6,
        "fields": {
            "content": "grandchild",
            "phonetic": "'^r\u00e6ndt\u0283aild",
            "definitation": "n. a child of your son or daughter",
            "translation": "n. \u5b59, \u5916\u5b59\u5973, \u5916\u5b59, \u5b59\u5973, \u5b59\u5b50",
            "tag": "zk gk",
            "wordbook": [
                1,
                2
            ]
        }
    },
    {
        "model": "word.word",
        "pk": 7,
        "fields": {
            "content": "granddaughter",
            "phonetic": "'^r\u00e6nd\u0254:t\u04d9(r)",
            "definitation": "n. a female grandchild",
            "translation": "n. \u5b59\u5973, \u5916\u5b59\u5973",
            "tag": "zk gk cet4 cet6",
            "wordbook": [
                1,
                2,
                3,
                4
            ]
        }
    },
    {
        "model": "word.word",
        "pk": 8,
        "fields": {
            "content": "granny",
            "phonetic": "'^r\u00e6ni",
            "definitation": "n. an old woman",
            "translation": "n. \u5976\u5976, \u8001\u5976\u5976, \u8001\u5a46\u5a46, \u5916\u5a46, \u5a46\u5a46\u5988\u5988\u7684\u4eba, \u5520\u53e8\u6311\u5254\u7684\u4eba, \u63a5\u751f\u5a46",
            "tag": "zk gk",
            "wordbook": [
                1,
                2
            ]
        }
    },
    {
        "model": "word.word",
        "pk": 9,
        "fields": {
            "content": "grandpa",
            "phonetic": "'^r\u00e6np\u0251:, '^r\u00e6ndp\u0251:",
            "definitation": "n the father of your father or mother",
            "translation": "\u7237\u7237, \u8001\u592a\u7237, \u5916\u516c",
            "tag": "zk",
            "wordbook": [
                2
            ]
        }
    },
    {
        "model": "word.word",
        "pk": 10,
        "fields": {
            "content": "gamma",
            "phonetic": "'^\u00e6m\u04d9",
            "definitation": "n. the 3rd letter of the Greek alphabet\nn. a unit of magnetic field strength equal to one-hundred-thousandth of an oersted",
            "translation": "n. \u5e0c\u814a\u8bed\u7684\u7b2c\u4e09\u4e2a\u5b57\u6bcd(\u0393,\u03b3)\n[\u533b] \u03b3(\u5e0c\u814a\u6587\u7b2c\u4e09\u4e2a\u5b57\u6bcd), \u4e19\u79cd, \u5fae\u514b(\u5343\u5206\u4e4b\u4e00\u6beb\u514b)",
            "tag": "toefl",
            "wordbook": [
                6
            ]
        }
    },
    {
        "model": "word.word",
        "pk": 12,
        "fields": {
            "content": "gangly",
            "phonetic": "'^\u014b^li",
            "definitation": "s tall and thin and having long slender limbs\ns tall and thin",
            "translation": "a. \u8eab\u6750\u7626\u957f\u7684",
            "tag": "gre",
            "wordbook": [
                5
            ]
        }
    },
    {
        "model": "word.word",
        "pk": 13,
        "fields": {
            "content": "gusher",
            "phonetic": "'^\u028c\u0283\u04d9(r)",
            "definitation": "n. an oil well with a strong natural flow so that pumping is not necessary",
            "translation": "[\u7ecf] \u55b7\u6cb9\u4e95, \u81ea\u55b7\u4e95",
            "tag": "gre",
            "wordbook": [
                5
            ]
        }
    },
    {
        "model": "word.word",
        "pk": 14,
        "fields": {
            "content": "i.e.",
            "phonetic": "'ai'i:",
            "definitation": "e that is to say; in other words",
            "translation": "adv. \u4e5f\u5c31\u662f",
            "tag": "cet4 cet6",
            "wordbook": [
                3,
                4
            ]
        }
    },
    {
        "model": "word.word",
        "pk": 15,
        "fields": {
            "content": "eyebrow",
            "phonetic": "'aibrau",
            "definitation": "n. the arch of hair above each eye",
            "translation": "n. \u7709\u6bdb\n[\u533b] \u7709",
            "tag": "ky",
            "wordbook": [
                8
            ]
        }
    },
    {
        "model": "word.word",
        "pk": 16,
        "fields": {
            "content": "idle",
            "phonetic": "'aidl",
            "definitation": "n. the state of an engine or other mechanism that is idling\nv. run disconnected or idle\nv. be idle; exist in a changeless situation\na. not in action or at work",
            "translation": "a. \u61d2\u60f0\u7684, \u95f2\u6563\u7684, \u505c\u987f\u7684, \u7a7a\u95f2\u7684, \u65e0\u7528\u7684\nvi. \u65e0\u6240\u4e8b\u4e8b, \u95f2\u6563, \u6d6a\u8d39, \u7a7a\u8f6c\nvt. \u865a\u5ea6, \u4f7f\u95f2\u6563, \u4f7f\u7a7a\u8f6c\nn. \u7a7a\u8f6c, \u7a7a\u95f2\u65f6\u95f4\n[\u8ba1] \u7a7a\u95f2\u65f6\u95f4",
            "tag": "cet4 cet6 ky ielts gre",
            "wordbook": [
                3,
                4,
                5,
                7,
                8
            ]
        }
    },
    {
        "model": "word.word",
        "pk": 17,
        "fields": {
            "content": "idleness",
            "phonetic": "'aidlnis",
            "definitation": "n. having no employment",
            "translation": "n. \u61d2\u60f0, \u95f2\u6563, \u5931\u4e1a\n[\u5316] \u7a7a\u8f7d",
            "tag": "cet6",
            "wordbook": [
                4
            ]
        }
    },
    {
        "model": "word.word",
        "pk": 18,
        "fields": {
            "content": "idol",
            "phonetic": "'aid\u04d9l",
            "definitation": "n. a material effigy that is worshipped\nn. someone who is adored blindly and excessively",
            "translation": "n. \u5076\u50cf, \u5d07\u62dc\u7269, \u5ba0\u513f, \u5e7b\u8c61, \u8c2c\u8bba",
            "tag": "toefl gre",
            "wordbook": [
                5,
                6
            ]
        }
    },
    {
        "model": "word.word",
        "pk": 19,
        "fields": {
            "content": "idolize",
            "phonetic": "'aid\u04d9laiz",
            "definitation": "v. love unquestioningly and uncritically or to excess; venerate as an idol",
            "translation": "vt. \u628a...\u5f53\u5076\u50cf\u5d07\u62dc, \u6781\u7aef\u5d07\u62dc, \u9189\u5fc3\u4e8e\nvi. \u5d07\u62dc\u5076\u50cf",
            "tag": "gre",
            "wordbook": [
                5
            ]
        }
    },
    {
        "model": "word.word",
        "pk": 20,
        "fields": {
            "content": "icon",
            "phonetic": "'aik\u0252n",
            "definitation": "n. (computer science) a graphic symbol (usually a simple picture) that denotes a program or a command or a data file or a concept in a graphical user interface\nn. a conventional religious painting in oil on a small wooden panel; venerated in the Eastern Church",
            "translation": "n. \u753b\u50cf, \u8096\u50cf, \u5076\u50cf, \u56fe\u6807, \u50cf\u6807\n[\u8ba1] \u50cf\u6807, \u56fe\u6807",
            "tag": "toefl gre",
            "wordbook": [
                5,
                6
            ]
        }
    },
    {
        "model": "word.word",
        "pk": 21,
        "fields": {
            "content": "island",
            "phonetic": "'ail\u04d9nd",
            "definitation": "n. a land mass (smaller than a continent) that is surrounded by water\nn. a zone or area resembling an island",
            "translation": "n. \u5c9b, \u5c9b\u5c7f, \u5b64\u7acb\u5730\u533a, \u5b89\u5168\u5c9b\nvt. \u4f7f\u6210\u5c9b\u72b6, \u5b64\u7acb",
            "tag": "zk gk cet4 cet6 ky ielts",
            "wordbook": [
                1,
                2,
                3,
                4,
                7,
                8
            ]
        }
    },
    {
        "model": "word.word",
        "pk": 22,
        "fields": {
            "content": "irate",
            "phonetic": "'aireit",
            "definitation": "s. feeling or showing extreme anger",
            "translation": "a. \u53d1\u6012\u7684, \u751f\u6c14\u7684",
            "tag": "gre",
            "wordbook": [
                5
            ]
        }
    },
    {
        "model": "word.word",
        "pk": 23,
        "fields": {
            "content": "Irish",
            "phonetic": "'airi\u0283",
            "definitation": "n. people of Ireland or of Irish extraction\nn. whiskey made in Ireland chiefly from barley\nn. the Celtic language of Ireland",
            "translation": "n. \u7231\u5c14\u5170\u4eba, \u7231\u5c14\u5170\u8bed\na. \u7231\u5c14\u5170\u7684",
            "tag": "gk",
            "wordbook": [
                1
            ]
        }
    },
    {
        "model": "word.word",
        "pk": 24,
        "fields": {
            "content": "eyesight",
            "phonetic": "'aisait",
            "definitation": "n. normal use of the faculty of vision",
            "translation": "n. \u89c6\u529b, \u76ee\u529b",
            "tag": "gk cet4 cet6 ky ielts",
            "wordbook": [
                1,
                3,
                4,
                7,
                8
            ]
        }
    },
    {
        "model": "word.word",
        "pk": 25,
        "fields": {
            "content": "iceberg",
            "phonetic": "'aisb\u04d9:g",
            "definitation": "n. a large mass of ice floating at sea; usually broken off of a polar glacier",
            "translation": "n. \u51b0\u5c71, \u51b7\u51b0\u51b0\u7684\u4eba",
            "tag": "toefl",
            "wordbook": [
                6
            ]
        }
    },
    {
        "model": "word.word",
        "pk": 26,
        "fields": {
            "content": "icy",
            "phonetic": "'aisi",
            "definitation": "s. covered with or containing or consisting of ice\ns. shiny and slick as with a thin coating of ice",
            "translation": "a. \u51b0\u7684, \u51b0\u51b7\u7684, \u51b7\u6de1\u7684, \u6ed1\u6e9c\u7684",
            "tag": "cet6",
            "wordbook": [
                4
            ]
        }
    },
    {
        "model": "word.word",
        "pk": 27,
        "fields": {
            "content": "icicle",
            "phonetic": "'aisikl",
            "definitation": "n. ice resembling a pendent spear, formed by the freezing of dripping water",
            "translation": "n. \u5782\u51b0, \u51b0\u67f1, \u51b7\u51b0\u51b0\u7684\u4eba",
            "tag": "toefl gre",
            "wordbook": [
                5,
                6
            ]
        }
    },
    {
        "model": "word.word",
        "pk": 28,
        "fields": {
            "content": "icing",
            "phonetic": "'aisi\u014b",
            "definitation": "n. (ice hockey) the act of shooting the puck from within your own defensive area the length of the rink beyond the opponent's goal",
            "translation": "n. \u7cd6\u8863, \u7ed3\u51b0",
            "tag": "gre",
            "wordbook": [
                5
            ]
        }
    },
    {
        "model": "word.word",
        "pk": 29,
        "fields": {
            "content": "ice-cream",
            "phonetic": "'aiskri:m",
            "definitation": "",
            "translation": "a. \u51b0\u6dc7\u6dcb\u7684, \u4e73\u767d\u8272\u7684",
            "tag": "cet4",
            "wordbook": [
                3
            ]
        }
    },
    {
        "model": "word.word",
        "pk": 30,
        "fields": {
            "content": "Iceland",
            "phonetic": "'aisl\u04d9nd",
            "definitation": "n. an island republic on the island of Iceland; became independent of Denmark in 1944\nn. a volcanic island in the North Atlantic near the Arctic Circle",
            "translation": "n. \u51b0\u5c9b",
            "tag": "gk",
            "wordbook": [
                1
            ]
        }
    },
    {
        "model": "word.word",
        "pk": 31,
        "fields": {
            "content": "isolate",
            "phonetic": "'ais\u04d9leit",
            "definitation": "v. place or set apart\nv. obtain in pure form\nv. separate (experiences) from the emotions relating to them",
            "translation": "vt. \u4f7f\u9694\u79bb, \u4f7f\u5b64\u7acb, \u4f7f\u7edd\u7f18\nn. \u9694\u79bb\u79cd\u7fa4",
            "tag": "cet4 cet6 ky toefl ielts gre",
            "wordbook": [
                3,
                4,
                5,
                6,
                7,
                8
            ]
        }
    },
    {
        "model": "word.word",
        "pk": 32,
        "fields": {
            "content": "isolated",
            "phonetic": "'ais\u04d9leitid",
            "definitation": "s. not close together in time\ns. cut off or left behind\ns. under forced isolation especially for health reasons",
            "translation": "a. \u5b64\u7acb\u7684, \u5b64\u96f6\u96f6\u7684\n[\u8ba1] \u9694\u79bb\u7684, \u7edd\u7f18\u7684",
            "tag": "toefl ielts",
            "wordbook": [
                6,
                7
            ]
        }
    },
    {
        "model": "word.word",
        "pk": 33,
        "fields": {
            "content": "isotope",
            "phonetic": "'ais\u04d9ut\u04d9up",
            "definitation": "n. one of two or more atoms with the same atomic number but with different numbers of neutrons",
            "translation": "n. \u540c\u4f4d\u7d20\n[\u5316] \u540c\u4f4d\u7d20",
            "tag": "gre",
            "wordbook": [
                5
            ]
        }
    },
    {
        "model": "word.word",
        "pk": 34,
        "fields": {
            "content": "item",
            "phonetic": "'ait\u04d9m",
            "definitation": "n. a distinct part that can be specified separately in a group of things that could be enumerated on a list\nn. a whole individual unit; especially when included in a list or collection\nr. (used when listing or enumerating items) also",
            "translation": "n. \u9879\u76ee, \u6761\u6b3e, \u4e00\u5219, \u9879\n[\u8ba1] \u9879",
            "tag": "cet4 ky ielts",
            "wordbook": [
                3,
                7,
                8
            ]
        }
    },
    {
        "model": "word.word",
        "pk": 35,
        "fields": {
            "content": "ivory",
            "phonetic": "'aiv\u04d9ri",
            "definitation": "n. a hard smooth ivory colored dentine that makes up most of the tusks of elephants and walruses",
            "translation": "n. \u8c61\u7259, \u4e73\u767d\u8272\na. \u8c61\u7259\u5236\u7684, \u4e73\u767d\u8272\u7684",
            "tag": "cet6 ielts gre",
            "wordbook": [
                4,
                5,
                7
            ]
        }
    },
    {
        "model": "word.word",
        "pk": 36,
        "fields": {
            "content": "iodine",
            "phonetic": "'ai\u04d9di:n",
            "definitation": "n. a nonmetallic element belonging to the halogens; used especially in medicine and photography and in dyes; occurs naturally only in combination in small quantities (as in sea water or rocks)",
            "translation": "n. \u7898, \u7898\u9152\n[\u5316] \u7898I-2",
            "tag": "gre",
            "wordbook": [
                5
            ]
        }
    },
    {
        "model": "word.word",
        "pk": 37,
        "fields": {
            "content": "Ireland",
            "phonetic": "'ai\u04d9l\u04d9nd",
            "definitation": "n. a republic consisting of 26 of 32 counties comprising the island of Ireland; achieved independence from the United Kingdom in 1921\nn. an island comprising the republic of Ireland and Northern Ireland",
            "translation": "n. \u7231\u5c14\u5170",
            "tag": "gk",
            "wordbook": [
                1
            ]
        }
    },
    {
        "model": "word.word",
        "pk": 38,
        "fields": {
            "content": "ion",
            "phonetic": "'ai\u04d9n",
            "definitation": "n. a particle that is electrically charged (positive or negative); an atom or molecule or group that has lost or gained one or more electrons",
            "translation": "n. \u79bb\u5b50\n[\u5316] \u79bb\u5b50",
            "tag": "cet6 toefl",
            "wordbook": [
                4,
                6
            ]
        }
    },
    {
        "model": "word.word",
        "pk": 39,
        "fields": {
            "content": "iron",
            "phonetic": "'ai\u04d9n",
            "definitation": "n. a heavy ductile magnetic metallic element; is silver-white in pure form but readily rusts; used in construction and tools and armament; plays a role in the transport of oxygen by the blood\nn. a golf club that has a relatively narrow metal head\nn. implement used to brand live stock\nn. home appliance consisting of a flat metal base that is heated and used to smooth cloth",
            "translation": "n. \u94c1, \u71a8\u6597, \u94c1\u5668, \u575a\u5f3a, \u70d9\u94c1, \u9563\u94d0\nvt. \u70eb\u5e73, \u71a8, \u7528\u94c1\u5305\nvi. \u70eb\u5e73",
            "tag": "zk gk cet4 cet6 ky",
            "wordbook": [
                1,
                2,
                3,
                4,
                8
            ]
        }
    },
    {
        "model": "word.word",
        "pk": 40,
        "fields": {
            "content": "ironclad",
            "phonetic": "'ai\u04d9ncl\u00e6d",
            "definitation": "n. a wooden warship of the 19th century that is plated with iron or steel armor\ns. sheathed in iron plates for protection\ns. inflexibly entrenched and unchangeable",
            "translation": "a. \u88c5\u7532\u7684, \u94c1\u5b9a\u7684\n[\u6cd5] \u6253\u4e0d\u7834, \u88c5\u7532\u7684, \u9576\u94c1\u7684",
            "tag": "gre",
            "wordbook": [
                5
            ]
        }
    },
    {
        "model": "word.word",
        "pk": 41,
        "fields": {
            "content": "irony",
            "phonetic": "'ai\u04d9r\u04d9ni",
            "definitation": "n. incongruity between what might be expected and what actually occurs\nn. a trope that involves incongruity between what is expected and what occurs",
            "translation": "n. \u53cd\u8bed, \u8bbd\u523a, \u5177\u6709\u8bbd\u523a\u610f\u5473\u7684\u4e8b",
            "tag": "cet6 ky toefl ielts gre",
            "wordbook": [
                4,
                5,
                6,
                7,
                8
            ]
        }
    },
    {
        "model": "word.word",
        "pk": 42,
        "fields": {
            "content": "outdoors",
            "phonetic": "'aut'd\u0252:z",
            "definitation": "n. where the air is unconfined",
            "translation": "n. \u6237\u5916, \u91ce\u5916\u6d3b\u52a8\nadv. \u5728\u6237\u5916, \u5728\u91ce\u5916",
            "tag": "gk cet4 cet6 toefl",
            "wordbook": [
                1,
                3,
                4,
                6
            ]
        }
    },
    {
        "model": "word.word",
        "pk": 43,
        "fields": {
            "content": "outside",
            "phonetic": "'aut'said",
            "definitation": "n. the region that is outside of something\nn. the outer side or surface of something\na. relating to or being on or near the outer side or limit\ns. originating or belonging beyond some bounds:\"the outside world\"",
            "translation": "n. \u5916\u9762, \u5916\u8868, \u5916\u754c\na. \u5916\u9762\u7684, \u5916\u8868\u7684, \u5916\u754c\u7684\nadv. \u5916\u9762, \u5916\u8868, \u5916\u754c",
            "tag": "zk gk",
            "wordbook": [
                1,
                2
            ]
        }
    },
    {
        "model": "word.word",
        "pk": 44,
        "fields": {
            "content": "outlying",
            "phonetic": "'aut.laii\u014b",
            "definitation": "s. relatively far from a center or middle",
            "translation": "a. \u5728\u5916\u7684, \u8fb9\u8fdc\u7684, \u504f\u50fb\u7684, \u9898\u5916\u7684",
            "tag": "toefl ielts",
            "wordbook": [
                6,
                7
            ]
        }
    },
    {
        "model": "word.word",
        "pk": 45,
        "fields": {
            "content": "outbreak",
            "phonetic": "'autbreik",
            "definitation": "n. a sudden violent spontaneous occurrence (usually of some undesirable condition)",
            "translation": "n. \u7206\u53d1, \u66b4\u52a8\n[\u533b] \u66b4\u53d1",
            "tag": "cet6 ky toefl ielts",
            "wordbook": [
                4,
                6,
                7,
                8
            ]
        }
    },
    {
        "model": "word.word",
        "pk": 46,
        "fields": {
            "content": "outdoor",
            "phonetic": "'autd\u0252:",
            "definitation": "a. located, suited for, or taking place in the open air\na. pertaining to or concerning the outdoors or outdoor activities",
            "translation": "a. \u6237\u5916\u7684, \u5c4b\u5916\u7684, \u9732\u5929\u7684",
            "tag": "cet4 cet6 ky",
            "wordbook": [
                3,
                4,
                8
            ]
        }
    },
    {
        "model": "word.word",
        "pk": 47,
        "fields": {
            "content": "outfit",
            "phonetic": "'autfit",
            "definitation": "n. any cohesive unit such as a military company\nn. a set of clothing (with accessories)",
            "translation": "n. \u7528\u5177, \u914d\u5907, \u673a\u6784\nvt. \u914d\u5907, \u4f9b\u5e94\nvi. \u5f97\u5230\u88c5\u5907",
            "tag": "ky toefl ielts",
            "wordbook": [
                6,
                7,
                8
            ]
        }
    },
    {
        "model": "word.word",
        "pk": 48,
        "fields": {
            "content": "outgrowth",
            "phonetic": "'autgr\u04d9u\u03b8",
            "definitation": "n. a natural consequence of development",
            "translation": "n. \u81ea\u7136\u7684\u53d1\u5c55, \u7ed3\u679c, \u526f\u4ea7\u7269, \u5206\u679d\n[\u533b] \u8d58\u75a3",
            "tag": "toefl gre",
            "wordbook": [
                5,
                6
            ]
        }
    },
    {
        "model": "word.word",
        "pk": 49,
        "fields": {
            "content": "outgoing",
            "phonetic": "'autg\u04d9ui\u014b",
            "definitation": "a. leaving a place or a position\na. retiring from a position or office",
            "translation": "n. \u5916\u51fa, \u5f00\u652f, \u6d41\u51fa\na. \u559c\u6b22\u5916\u51fa\u7684, \u5373\u5c06\u79bb\u804c\u7684, \u4e50\u4e8e\u52a9\u4eba\u7684",
            "tag": "gk toefl gre",
            "wordbook": [
                1,
                5,
                6
            ]
        }
    },
    {
        "model": "word.word",
        "pk": 50,
        "fields": {
            "content": "outing",
            "phonetic": "'auti\u014b",
            "definitation": "n a journey taken for pleasure\nn a day devoted to an outdoor social gathering\nv to state openly and publicly one's homosexuality\nv reveal (something) about somebody's identity or lifestyle\nv be made known; be disclosed or revealed",
            "translation": "n. \u90ca\u6e38, \u8fdc\u8db3\na. \u8fdc\u8db3\u9002\u7528\u7684",
            "tag": "gk ky toefl",
            "wordbook": [
                1,
                6,
                8
            ]
        }
    },
    {
        "model": "word.word",
        "pk": 51,
        "fields": {
            "content": "outcry",
            "phonetic": "'autkrai",
            "definitation": "n a loud utterance; often in protest or opposition\nv shout louder than\nv utter aloud; often with surprise, horror, or joy",
            "translation": "n. \u5c16\u53eb, \u5012\u5f69, \u5f3a\u70c8\u6297\u8bae, \u558a\u4ef7\nvi. \u558a\u53eb\nvt. \u53eb\u5f97\u6bd4...\u54cd",
            "tag": "cet6 toefl ielts",
            "wordbook": [
                4,
                6,
                7
            ]
        }
    },
    {
        "model": "word.word",
        "pk": 52,
        "fields": {
            "content": "outcast",
            "phonetic": "'autk\u00e6st",
            "definitation": "n. a person who is rejected (from society or home)",
            "translation": "a. \u88ab\u9010\u51fa\u7684, \u88ab\u9057\u5f03\u7684, \u65e0\u5bb6\u53ef\u5f52\u7684\nn. \u88ab\u9a71\u9010\u7684\u4eba, \u6d41\u6d6a\u8005",
            "tag": "ielts",
            "wordbook": [
                7
            ]
        }
    },
    {
        "model": "word.word",
        "pk": 53,
        "fields": {
            "content": "outcome",
            "phonetic": "'autk\u028cm",
            "definitation": "n something that results\nn a phenomenon that follows and is caused by some previous phenomenon",
            "translation": "n. \u7ed3\u679c, \u51fa\u53e3",
            "tag": "gk cet4 cet6 ky toefl ielts",
            "wordbook": [
                1,
                3,
                4,
                6,
                7,
                8
            ]
        }
    },
    {
        "model": "word.word",
        "pk": 54,
        "fields": {
            "content": "outline",
            "phonetic": "'autlain",
            "definitation": "n. the line that appears to bound an object\nn. a sketchy summary of the main points of an argument or theory\nn. a schematic or preliminary plan",
            "translation": "n. \u5927\u7eb2, \u8f6e\u5ed3, \u6982\u8981\nvt. \u63cf\u753b\u8f6e\u5ed3, \u63cf\u8ff0\u8981\u70b9\nn. \u5927\u7eb2, \u5206\u7ea7, \u8f6e\u5ed3\n[\u8ba1] \u5927\u7eb2, \u5206\u7ea7, \u8f6e\u5ed3",
            "tag": "gk cet4 cet6 ky toefl ielts gre",
            "wordbook": [
                1,
                3,
                4,
                5,
                6,
                7,
                8
            ]
        }
    },
    {
        "model": "word.word",
        "pk": 55,
        "fields": {
            "content": "outlet",
            "phonetic": "'autlet",
            "definitation": "n a place of business for retailing goods\nn receptacle providing a place in a wiring system where current can be taken to run electrical devices\nn an opening that permits escape or release\nn activity that frees or expresses creative energy or emotion",
            "translation": "n. \u51fa\u53e3, \u53d1\u6cc4\u65b9\u6cd5, \u5e02\u573a\n[\u533b] \u51fa\u53e3",
            "tag": "cet4 cet6 ky toefl ielts gre",
            "wordbook": [
                3,
                4,
                5,
                6,
                7,
                8
            ]
        }
    },
    {
        "model": "word.word",
        "pk": 56,
        "fields": {
            "content": "outlook",
            "phonetic": "'autluk",
            "definitation": "n a habitual or characteristic mental attitude that determines how you will interpret and respond to situations\nn belief about (or mental picture of) the future\nn the act of looking out",
            "translation": "n. \u89c2\u70b9, \u666f\u8272, \u524d\u9014, \u4e86\u671b\n[\u7ecf] \u5c55\u671b",
            "tag": "cet4 cet6 ky toefl",
            "wordbook": [
                3,
                4,
                6,
                8
            ]
        }
    },
    {
        "model": "word.word",
        "pk": 57,
        "fields": {
            "content": "outlaw",
            "phonetic": "'autl\u0252:",
            "definitation": "v. declare illegal; outlaw",
            "translation": "n. \u88ab\u5265\u593a\u6cd5\u5f8b\u4fdd\u62a4\u7684\u4eba, \u7f6a\u72af\nvt. \u4f7f...\u5931\u53bb\u6cd5\u5f8b\u4fdd\u62a4, \u5c06...\u9010\u51fa\u793e\u4f1a, \u5ba3\u544a\u975e\u6cd5, \u53d6\u7f14",
            "tag": "cet6 ielts",
            "wordbook": [
                4,
                7
            ]
        }
    },
    {
        "model": "word.word",
        "pk": 58,
        "fields": {
            "content": "output",
            "phonetic": "'autput",
            "definitation": "n. production of a certain amount\nn. the quantity of something (as a commodity) that is created (usually within a given period of time)\nn. what is produced in a given time period\nv. to create or manufacture a specific amount",
            "translation": "n. \u8f93\u51fa, \u4ea7\u54c1, \u4ea7\u91cf\n[\u8ba1] \u8f93\u51fa",
            "tag": "gk cet4 cet6 ky toefl ielts",
            "wordbook": [
                1,
                3,
                4,
                6,
                7,
                8
            ]
        }
    },
    {
        "model": "word.word",
        "pk": 59,
        "fields": {
            "content": "outright",
            "phonetic": "'autrait",
            "definitation": "s. without reservation or exception\nr. without restrictions or stipulations or further payments\nr. without reservation or concealment",
            "translation": "a. \u7387\u76f4\u7684, \u5b8c\u5168\u7684, \u603b\u5171\u7684, \u76f4\u7387\u7684\nadv. \u5b8c\u5168\u5730, \u7387\u76f4\u5730, \u7acb\u523b\u5730, \u4e00\u76f4\u5411\u524d",
            "tag": "toefl ielts",
            "wordbook": [
                6,
                7
            ]
        }
    },
    {
        "model": "word.word",
        "pk": 60,
        "fields": {
            "content": "outrage",
            "phonetic": "'autreid\u0292",
            "definitation": "n. a wantonly cruel act",
            "translation": "n. \u66b4\u884c, \u4fae\u8fb1, \u6124\u6012\nvt. \u51cc\u8fb1, \u8650\u5f85, \u89e6\u72af",
            "tag": "cet6 ky toefl gre",
            "wordbook": [
                4,
                5,
                6,
                8
            ]
        }
    },
    {
        "model": "word.word",
        "pk": 61,
        "fields": {
            "content": "outset",
            "phonetic": "'autset",
            "definitation": "n the time at which something is supposed to begin",
            "translation": "n. \u7740\u624b, \u5f00\u5934, \u6700\u521d",
            "tag": "cet4 cet6 ky toefl ielts gre",
            "wordbook": [
                3,
                4,
                5,
                6,
                7,
                8
            ]
        }
    },
    {
        "model": "word.word",
        "pk": 62,
        "fields": {
            "content": "outskirt",
            "phonetic": "'autsk\u04d9:t",
            "definitation": "n. a part of the city far removed from the center",
            "translation": "n. \u8fb9\u7f18, \u90ca\u5916, \u5916\u56f4",
            "tag": "cet4 cet6",
            "wordbook": [
                3,
                4
            ]
        }
    },
    {
        "model": "word.word",
        "pk": 63,
        "fields": {
            "content": "outskirts",
            "phonetic": "'autsk\u04d9:ts",
            "definitation": "n. outlying areas (as of a city or town)",
            "translation": "n. \u8fd1\u90ca, \u5e02\u90ca",
            "tag": "ky ielts gre",
            "wordbook": [
                5,
                7,
                8
            ]
        }
    },
    {
        "model": "word.word",
        "pk": 64,
        "fields": {
            "content": "outward",
            "phonetic": "'autw\u04d9d",
            "definitation": "a. relating to physical reality rather than with thoughts or the mind\nr. toward the outside",
            "translation": "a. \u5411\u5916\u7684, \u8868\u9762\u7684, \u5916\u670d\u7684\nadv. \u5411\u5916, \u5728\u5916, \u8868\u9762",
            "tag": "gk cet4 cet6 ky toefl",
            "wordbook": [
                1,
                3,
                4,
                6,
                8
            ]
        }
    },
    {
        "model": "word.word",
        "pk": 65,
        "fields": {
            "content": "outwards",
            "phonetic": "'autw\u04d9dz",
            "definitation": "r toward the outside",
            "translation": "adv. \u5411\u5916\u5730",
            "tag": "cet4 cet6",
            "wordbook": [
                3,
                4
            ]
        }
    },
    {
        "model": "word.word",
        "pk": 66,
        "fields": {
            "content": "outer",
            "phonetic": "'aut\u04d9",
            "definitation": "a. being on the outside or further from a center\ns. located outside\ns. being on or toward the outside of the body",
            "translation": "a. \u5916\u90e8\u7684, \u5916\u9762\u7684, \u5728\u5916\u7684, \u8fdc\u79bb\u4e2d\u5fc3\u7684\n[\u673a] \u5916\u90e8\u7684, \u5916\u9762\u7684, \u5916\u4fa7\u7684",
            "tag": "gk cet4 cet6 ky",
            "wordbook": [
                1,
                3,
                4,
                8
            ]
        }
    },
    {
        "model": "word.word",
        "pk": 67,
        "fields": {
            "content": "outermost",
            "phonetic": "'aut\u04d9m\u04d9ust",
            "definitation": "s. situated at the farthest possible point from a center",
            "translation": "a. \u6700\u5916\u9762\u7684, \u6700\u8fdc\u79bb\u4e2d\u5fc3\u7684",
            "tag": "cet6 toefl",
            "wordbook": [
                4,
                6
            ]
        }
    },
    {
        "model": "word.word",
        "pk": 68,
        "fields": {
            "content": "our",
            "phonetic": "'au\u04d9",
            "definitation": "pl.  of I\npossessive pron. Of or pertaining to us; belonging to us; as, our\n   country; our rights; our troops; our endeavors. See I.",
            "translation": "pron. \u6211\u4eec\u7684",
            "tag": "zk gk",
            "wordbook": [
                1,
                2
            ]
        }
    },
    {
        "model": "word.word",
        "pk": 69,
        "fields": {
            "content": "ours",
            "phonetic": "'au\u04d9z",
            "definitation": "pl.  of I\npossessive pron. See Note under Our.",
            "translation": "pron. \u6211\u4eec\u7684",
            "tag": "zk gk",
            "wordbook": [
                1,
                2
            ]
        }
    },
    {
        "model": "word.word",
        "pk": 70,
        "fields": {
            "content": "bipedal",
            "phonetic": "'bai,ped\u0259l,bai'pe-",
            "definitation": "a. having two feet",
            "translation": "[\u533b] \u4e24\u8db3\u7684",
            "tag": "ky toefl",
            "wordbook": [
                6,
                8
            ]
        }
    },
    {
        "model": "word.word",
        "pk": 71,
        "fields": {
            "content": "byproduct",
            "phonetic": "'bai.pr\u0252d\u00e6kt",
            "definitation": "n a secondary and sometimes unexpected consequence\nn a product made during the manufacture of something else",
            "translation": "n. \u526f\u4ea7\u54c1",
            "tag": "gre",
            "wordbook": [
                5
            ]
        }
    },
    {
        "model": "word.word",
        "pk": 72,
        "fields": {
            "content": "bible",
            "phonetic": "'baibl",
            "definitation": "n. the sacred writings of the Christian religions\nn. a book regarded as authoritative in its field",
            "translation": "n. \u5723\u7ecf",
            "tag": "cet4 ky ielts",
            "wordbook": [
                3,
                7,
                8
            ]
        }
    },
    {
        "model": "word.word",
        "pk": 73,
        "fields": {
            "content": "bifurcate",
            "phonetic": "'baif\u04d9keit",
            "definitation": "v. split or divide into two\nv. divide into two branches\ns. resembling a fork; divided or separated into two branches",
            "translation": "v. (\u4f7f)\u5206\u53c9\na. \u5206\u53cc\u53c9\u7684",
            "tag": "gre",
            "wordbook": [
                5
            ]
        }
    },
    {
        "model": "word.word",
        "pk": 74,
        "fields": {
            "content": "biped",
            "phonetic": "'baiped",
            "definitation": "n. an animal with two feet",
            "translation": "n. \u4e24\u8db3\u52a8\u7269\na. \u6709\u4e24\u8db3\u7684",
            "tag": "gre",
            "wordbook": [
                5
            ]
        }
    },
    {
        "model": "word.word",
        "pk": 75,
        "fields": {
            "content": "by-product",
            "phonetic": "'baipr\u0254d\u028ckt",
            "definitation": "n. a secondary and sometimes unexpected consequence\nn. a product made during the manufacture of something else",
            "translation": "n. \u526f\u4ea7\u54c1, \u989d\u5916\u6536\u83b7, \u610f\u5916\u6536\u83b7\n[\u8ba1] \u526f\u4ea7\u54c1",
            "tag": "cet6 toefl",
            "wordbook": [
                4,
                6
            ]
        }
    },
    {
        "model": "word.word",
        "pk": 76,
        "fields": {
            "content": "bypass",
            "phonetic": "'baip\u0251:s",
            "definitation": "n. a surgically created shunt (usually around a damaged part)\nv. avoid something unpleasant or laborious",
            "translation": "n. \u65c1\u8def\nvt. \u7701\u7565, \u7ed5\u8fc7, \u5ffd\u89c6, \u56de\u907f",
            "tag": "cet6 ky ielts",
            "wordbook": [
                4,
                7,
                8
            ]
        }
    },
    {
        "model": "word.word",
        "pk": 77,
        "fields": {
            "content": "bicycle",
            "phonetic": "'baisikl",
            "definitation": "n. a wheeled vehicle that has two wheels and is moved by foot pedals\nv. ride a bicycle",
            "translation": "n. \u81ea\u884c\u8f66",
            "tag": "zk gk cet4 ky ielts",
            "wordbook": [
                1,
                2,
                3,
                7,
                8
            ]
        }
    },
    {
        "model": "word.word",
        "pk": 78,
        "fields": {
            "content": "bystander",
            "phonetic": "'baist\u00e6nd\u04d9(r)",
            "definitation": "n. a nonparticipant spectator",
            "translation": "n. \u65c1\u89c2\u8005, \u76ee\u51fb\u8005\n[\u6cd5] \u5019\u8865\u966a\u5ba1\u5458, \u65c1\u89c2\u8005",
            "tag": "gre",
            "wordbook": [
                5
            ]
        }
    },
    {
        "model": "word.word",
        "pk": 79,
        "fields": {
            "content": "bison",
            "phonetic": "'bais\u04d9n",
            "definitation": "n. any of several large humped bovids having shaggy manes and large heads and short horns",
            "translation": "n. \u91ce\u725b",
            "tag": "toefl",
            "wordbook": [
                6
            ]
        }
    },
    {
        "model": "word.word",
        "pk": 80,
        "fields": {
            "content": "byword",
            "phonetic": "'baiw\u04d9:d",
            "definitation": "n a condensed but memorable saying embodying some important fact of experience that is taken as true by many people",
            "translation": "n. \u8c1a\u8bed, \u4fd7\u8bdd, \u7b11\u67c4",
            "tag": "toefl",
            "wordbook": [
                6
            ]
        }
    },
    {
        "model": "word.word",
        "pk": 81,
        "fields": {
            "content": "bias",
            "phonetic": "'bai\u04d9s",
            "definitation": "n. a partiality that prevents objective consideration of an issue or situation\nv. influence in an unfair way\nv. cause to be biased\ns. slanting diagonally across the grain of a fabric",
            "translation": "n. \u504f\u89c1, \u659c\u7eb9\na. \u504f\u659c\u7684\nadv. \u504f\u659c\nvt. \u4f7f\u6709\u504f\u89c1\n[\u8ba1] \u504f\u6d41; \u504f\u538b; \u504f\u78c1; \u504f\u79bb",
            "tag": "cet6 ky toefl ielts",
            "wordbook": [
                4,
                6,
                7,
                8
            ]
        }
    },
    {
        "model": "word.word",
        "pk": 82,
        "fields": {
            "content": "biosphere",
            "phonetic": "'bai\u04d9sfi\u04d9",
            "definitation": "n. the regions of the surface and atmosphere of the Earth (or other planet) where living organisms exist",
            "translation": "n. \u751f\u7269\u5708\n[\u533b] \u751f\u7269\u5708, \u751f\u7269\u5c42",
            "tag": "gre",
            "wordbook": [
                5
            ]
        }
    },
    {
        "model": "word.word",
        "pk": 83,
        "fields": {
            "content": "biased",
            "phonetic": "'bai\u04d9st",
            "definitation": "s. favoring one person or side over another",
            "translation": "a. \u6709\u504f\u89c1\u7684\n[\u8ba1] \u8fb9\u7f18\u7684",
            "tag": "cet6",
            "wordbook": [
                4
            ]
        }
    },
    {
        "model": "word.word",
        "pk": 84,
        "fields": {
            "content": "bowdlerize",
            "phonetic": "'baudl\u04d9raiz",
            "definitation": "v. edit by omitting or modifying parts considered indelicate",
            "translation": "vt. \u5220\u9664, \u5220\u6539",
            "tag": "gre",
            "wordbook": [
                5
            ]
        }
    },
    {
        "model": "word.word",
        "pk": 85,
        "fields": {
            "content": "boundless",
            "phonetic": "'baundlis",
            "definitation": "s. seemingly boundless in amount, number, degree, or especially extent",
            "translation": "a. \u65e0\u9650\u7684, \u65e0\u8fb9\u65e0\u9645\u7684\n[\u7ecf] \u65e0\u9650\u7684",
            "tag": "toefl",
            "wordbook": [
                6
            ]
        }
    },
    {
        "model": "word.word",
        "pk": 86,
        "fields": {
            "content": "boundary",
            "phonetic": "'baundri",
            "definitation": "n. the line or plane indicating the limit or extent of something\nn. a line determining the limits of an area",
            "translation": "n. \u8fb9\u754c, \u5206\u754c\u7ebf\n[\u8ba1] \u8fb9\u754c",
            "tag": "gk cet4 cet6 ky toefl ielts",
            "wordbook": [
                1,
                3,
                4,
                6,
                7,
                8
            ]
        }
    },
    {
        "model": "word.word",
        "pk": 87,
        "fields": {
            "content": "bounty",
            "phonetic": "'baunti",
            "definitation": "n. payment or reward (especially from a government) for acts such as catching criminals or killing predatory animals or enlisting in the military\nn. generosity evidenced by a willingness to give freely\nn. a ship of the British navy; in 1789 part of the crew mutinied against their commander William Bligh and set him afloat in an open boat",
            "translation": "n. \u6177\u6168, \u5bbd\u5927, \u793c\u7269\n[\u7ecf] \u5956\u52b1\u91d1, \u8865\u8d34",
            "tag": "ielts",
            "wordbook": [
                7
            ]
        }
    },
    {
        "model": "word.word",
        "pk": 88,
        "fields": {
            "content": "bounteous",
            "phonetic": "'baunti\u04d9s",
            "definitation": "s given or giving freely",
            "translation": "a. \u6177\u6168\u7684, \u5145\u8db3\u7684, \u5bbd\u88d5\u7684",
            "tag": "gre",
            "wordbook": [
                5
            ]
        }
    },
    {
        "model": "word.word",
        "pk": 89,
        "fields": {
            "content": "bower",
            "phonetic": "'bau\u04d9",
            "definitation": "n a framework that supports climbing plants\nv enclose in a bower",
            "translation": "n. \u51c9\u4ead, \u6811\u9634\u5904",
            "tag": "gre",
            "wordbook": [
                5
            ]
        }
    },
    {
        "model": "word.word",
        "pk": 90,
        "fields": {
            "content": "bowel",
            "phonetic": "'bau\u04d9l",
            "definitation": "n the part of the alimentary canal between the stomach and the anus",
            "translation": "n. \u80a0, \u5185\u810f, \u5185\u90e8\nvt. \u6316...\u7684\u5185\u810f",
            "tag": "ky ielts",
            "wordbook": [
                7,
                8
            ]
        }
    },
    {
        "model": "word.word",
        "pk": 91,
        "fields": {
            "content": "biotech",
            "phonetic": "'ba\u026a\u0259\u028atek",
            "definitation": "n the branch of molecular biology that studies the use of microorganisms to perform specific industrial processes",
            "translation": "n. \u751f\u7269\u6280\u672f",
            "tag": "cet6",
            "wordbook": [
                4
            ]
        }
    },
    {
        "model": "word.word",
        "pk": 92,
        "fields": {
            "content": "bedclothes",
            "phonetic": "'bedkl\u04d9u\u00f0z",
            "definitation": "n. coverings that are used on a bed",
            "translation": "n. \u94fa\u76d6, \u5e8a\u4e0a\u7528\u54c1\n[\u533b] \u94fa\u76d6, \u88ab\u8925",
            "tag": "gk",
            "wordbook": [
                1
            ]
        }
    },
    {
        "model": "word.word",
        "pk": 93,
        "fields": {
            "content": "bedlam",
            "phonetic": "'bedl\u04d9m",
            "definitation": "n. pejorative terms for an insane asylum",
            "translation": "n. \u6df7\u4e71, \u55a7\u95f9, \u75af\u4eba\u9662\n[\u533b] \u7cbe\u795e\u75c5\u9662, \u7cbe\u795e\u75c5",
            "tag": "gre",
            "wordbook": [
                5
            ]
        }
    },
    {
        "model": "word.word",
        "pk": 94,
        "fields": {
            "content": "bedroom",
            "phonetic": "'bedrum",
            "definitation": "n. a room used primarily for sleeping",
            "translation": "n. \u5367\u5ba4",
            "tag": "zk gk ielts",
            "wordbook": [
                1,
                2,
                7
            ]
        }
    },
    {
        "model": "word.word",
        "pk": 95,
        "fields": {
            "content": "beddings",
            "phonetic": "'bed\u026a\u014b",
            "definitation": "n coverings that are used on a bed\nn material used to provide a bed for animals",
            "translation": "n. \u5bdd\u5177\uff1b\uff08\u5efa\u7b51\uff09[\u5efa] \u57fa\u5e8a\uff1b\uff08\u5bb6\u755c\uff09\u8349\u57ab\na. \u9002\u4e8e\u82b1\u575b\u79cd\u690d\u7684\nvt. \u628a\u2026\u683d\u5165\u82d7\u5e8a\uff08bed\u7684ing\u5f62\u5f0f\uff09\nvi. \u7761\uff08bed\u7684ing\u5f62\u5f0f\uff09",
            "tag": "gk",
            "wordbook": [
                1
            ]
        }
    },
    {
        "model": "word.word",
        "pk": 96,
        "fields": {
            "content": "beggar",
            "phonetic": "'beg\u04d9",
            "definitation": "n. a pauper who lives by begging\nv. be beyond the resources of\nv. reduce to beggary",
            "translation": "n. \u4e5e\u4e10\nvt. \u4f7f\u8d2b\u7a77, \u4f7f\u6210\u4e5e\u4e10",
            "tag": "cet4 cet6",
            "wordbook": [
                3,
                4
            ]
        }
    },
    {
        "model": "word.word",
        "pk": 97,
        "fields": {
            "content": "baby",
            "phonetic": "'beibi",
            "definitation": "n. a very young child (birth to 1 year) who has not yet begun to walk or talk\nn. the youngest member of a group (not necessarily young)\nn. an unborn child; a human fetus\nn. (slang) sometimes used as a term of address for attractive young women",
            "translation": "n. \u5a74\u5b69\n[\u533b] \u5a74\u513f",
            "tag": "zk gk",
            "wordbook": [
                1,
                2
            ]
        }
    },
    {
        "model": "word.word",
        "pk": 98,
        "fields": {
            "content": "bacon",
            "phonetic": "'beik\u04d9n",
            "definitation": "n. back and sides of a hog salted and dried or smoked; usually sliced thin and fried\nn. English scientist and Franciscan monk who stressed the importance of experimentation; first showed that air is required for combustion and first used lenses to correct vision (1220-1292)\nn. English statesman and philosopher; precursor of British empiricism; advocated inductive reasoning (1561-1626)",
            "translation": "n. \u718f\u732a\u8089\n[\u673a] \u814c\u8089",
            "tag": "gk cet6 ky ielts",
            "wordbook": [
                1,
                4,
                7,
                8
            ]
        }
    },
    {
        "model": "word.word",
        "pk": 99,
        "fields": {
            "content": "bakery",
            "phonetic": "'beik\u04d9ri",
            "definitation": "n. a workplace where baked goods (breads and cakes and pastries) are produced or sold",
            "translation": "n. \u9762\u5305\u5e97",
            "tag": "gk",
            "wordbook": [
                1
            ]
        }
    },
    {
        "model": "word.word",
        "pk": 100,
        "fields": {
            "content": "baleful",
            "phonetic": "'beilful",
            "definitation": "s. deadly or sinister\ns. threatening or foreshadowing evil or tragic developments",
            "translation": "a. \u6709\u5bb3\u7684, \u6076\u610f\u7684",
            "tag": "gre",
            "wordbook": [
                5
            ]
        }
    },
    {
        "model": "word.word",
        "pk": 101,
        "fields": {
            "content": "baseball",
            "phonetic": "'beisb\u0252:l",
            "definitation": "n. a ball game played with a bat and ball between two teams of nine players; teams take turns at bat trying to score runs\nn. a ball used in playing baseball",
            "translation": "n. \u68d2\u7403\n[\u8ba1] \u68d2\u7403\u7cfb\u7edf",
            "tag": "zk gk cet4 cet6 ky ielts",
            "wordbook": [
                1,
                2,
                3,
                4,
                7,
                8
            ]
        }
    }
]